MODEL,MAPE,MAE,MSE
ARIMA,9.726716,0.203659,0.075791
LINEAR,5.089769,0.107813,0.019823
